elevation,swardht,willows,birch,juncus,sand,ditches,watertab,disthay,sedpools,poolcov,godoccur,goddens
70,4,2,13,10,0,0,100,400,0,0,1,1
70,4,2,30,0,0,3,170,500,0,0,1,.666666667
70,4,20,10,0,0,3,190,100,0,0,0,0
80,2,20,40,0,0,1,160,800,0,0,0,0
80,3,50,80,0,0,2,180,400,0,0,0,0
80,3,1,0,0,0,4,160,100,0,0,0,0
80,1,1,0,0,0,3,180,150,0,0,0,0
80,2,0,5,0,0,3,200,50,0,0,0,0
90,1,20,10,0,0,2,200,100,0,0,0,0
100,4,0,0,0,0,1,180,300,0,0,0,0
100,4,20,30,0,0,1,190,400,0,40,0,0
100,3,10,50,0,0,1,160,100,0,0,0,0
100,3,0,0,0,0,1,180,500,0,0,0,0
100,3,5,0,0,0,2,200,200,0,0,0,0
110,3,5,0,0,0,2,120,200,0,0,0,0
110,2,5,1,5,0,0,80,150,0,0,1,.333333333
120,4,1,0,20,0,2,50,100,1,1,1,1.5
71,3,1,0,25,0,0,50,300,1,1,1,.666666667
99,1,0,0,0,0,1,220,200,0,0,0,0
101,1,0,0,0,0,2,210,500,0,0,0,0
83,4,0,30,30,0,2,50,700,0,0,0,0
76,1,1,0,0,0,2,190,300,0,0,0,0
75,4,0,20,30,0,1,60,700,0,0,0,0
42,4,30,0,0,0,2,150,200,0,0,0,0
99,3,1,1,0,0,2,150,200,0,0,0,0
77,4,0,10,0,0,2,200,700,0,0,0,0
96,4,0,10,0,0,0,125,200,2,5,1,1
65,4,0,50,0,1,2,160,600,0,0,1,.166666667
78,3,0,0,0,0,4,150,400,0,0,0,0
97,3,0,0,0,1,4,180,600,1,1,1,.5
96,4,0,0,0,5,2,200,300,1,1,1,.4
74,1,0,0,0,0,2,150,300,0,0,0,0
67,4,0,0,0,0,1,160,300,0,0,0,0
93,4,5,80,0,0,1,150,400,1,5,1,.333333333
98,4,0,5,0,0,1,150,100,0,0,0,0
106,4,0,1,0,0,2,150,200,0,0,0,0
73,4,2,65,0,0,1,130,1500,0,0,0,0
33,3,0,0,0,0,1,170,300,0,0,0,0
42,4,20,0,0,0,1,220,200,0,0,0,0
63,1,0,0,0,0,1,100,1500,0,0,0,0
66,3,25,0,5,0,0,90,50,3,10,1,.33
70,3,0,0,25,0,1,60,50,1,5,1,3
49,2,0,0,0,0,2,130,50,0,0,0,0
60,4,0,0,0,0,0,100,150,0,0,0,0
71,3,0,0,30,0,0,40,300,0,0,0,0
34,1,0,0,1,1,1,100,50,0,0,0,0
26,1,0,0,0,0,3,150,25,0,0,0,0
25,3,0,0,0,0,3,180,80,0,0,0,0
30,1,0,0,0,0,2,180,0,0,0,0,0
23,2,0,0,0,0,1,180,30,0,0,0,0
67,4,1,30,40,0,0,30,0,0,0,1,2.5
67,3,0,0,0,0,2,100,25,0,0,0,0
65,1,0,0,0,0,0,180,20,0,0,0,0
70,2,0,0,0,0,2,150,100,0,0,0,0
77,3,1,0,0,0,1,150,0,0,0,0,0
52,3,0,0,0,0,1,100,0,0,0,1,1.33
38,4,0,0,0,0,1,220,50,0,0,0,0
69,3,0,0,0,0,4,170,1000,0,0,0,0
37,2,0,0,60,0,1,50,1000,0,0,0,0
46,1,0,0,40,0,1,70,300,0,0,0,0
44,2,0,0,0,0,1,200,50,0,0,0,0
53,2,0,0,0,0,1,200,300,0,0,0,0
61,3,0,0,0,0,2,200,100,0,0,0,0
54,2,0,0,0,0,2,130,1000,0,0,0,0
56,2,0,0,0,0,2,150,400,0,0,1,1
68,1,5,20,0,0,2,140,500,0,0,0,0
65,4,1,0,0,0,1,200,1000,0,0,0,0
42,1,0,0,0,0,1,190,1000,0,0,0,0
24,3,1,0,0,0,0,120,0,1,5,1,.33
27,1,0,0,0,0,2,170,20,0,0,0,0
20,1,0,0,0,0,3,100,1000,0,0,0,0
20,1,0,0,0,0,0,150,0,0,0,0,0
22,1,0,0,25,0,1,70,1000,0,0,0,0
37,1,0,0,0,0,0,100,0,0,0,1,2
38,2,0,0,35,0,0,70,0,2,10,1,4
35,2,0,0,0,0,2,150,1000,0,0,0,0
33,2,1,0,0,0,2,100,1000,0,0,0,0
27,1,0,0,0,0,0,100,200,0,0,0,0
24,3,0,0,0,0,2,150,1000,0,0,0,0
20,3,0,0,0,0,1,150,1000,3,1,1,1
19,2,0,0,1,0,1,100,500,1,20,1,.666666667
21,3,0,0,1,0,0,120,200,1,5,1,.333333333
83,3,1,1,0,0,1,140,500,0,0,1,.25
14,2,0,0,0,0,1,150,200,0,0,1,1.5
23,4,1,1,25,0,2,50,100,0,0,1,.2
39,1,0,0,5,0,1,80,300,0,0,0,0
27,1,0,0,0,0,2,100,100,0,0,0,0
21,1,0,0,5,0,1,80,100,0,0,0,0
20,1,0,0,1,0,0,150,200,0,0,1,.666666667
15,1,5,0,0,5,2,140,100,0,0,0,0
81,2,0,0,1,0,2,120,1000,0,0,0,0
85,2,0,0,15,0,0,80,100,1,1,1,1
77,1,0,0,0,0,0,130,100,3,5,1,4
17,3,0,0,1,1,1,100,50,0,0,0,0
38,3,0,0,0,0,2,180,200,0,0,0,0
52,4,0,80,0,0,3,110,1500,0,0,1,.5
50,4,0,0,0,0,2,120,50,0,0,0,0
63,4,0,5,0,0,1,100,300,0,0,0,0
40,3,0,0,0,0,1,130,200,0,0,0,0
35,4,0,0,0,0,3,170,50,0,0,0,0
36,4,0,0,0,0,1,170,1000,0,0,0,0
18,1,0,0,0,0,1,180,300,0,0,0,0
11,4,0,0,0,0,1,100,50,0,0,0,0
22,4,0,15,0,0,1,150,300,0,0,1,.166666667
49,4,0,0,20,0,1,80,800,0,0,0,0
46,2,0,0,0,0,1,100,500,0,0,0,0
38,3,0,0,60,0,2,20,800,1,20,1,1.333333333
16,3,0,0,55,0,0,20,1000,2,50,1,.98
76,3,0,0,0,0,1,150,1500,0,0,0,0
6,4,0,0,50,0,1,40,200,0,0,1,.37
144,4,0,50,0,0,1,130,300,0,0,1,.25
197,2,0,0,0,0,1,100,1500,0,0,1,.2
10,4,15,0,20,0,0,50,100,1,5,1,.5
10,3,10,0,0,0,1,180,1500,0,0,0,0
39,4,0,0,0,0,0,100,500,0,0,0,0
10,4,10,0,15,0,0,90,50,0,0,0,0
18,3,0,0,0,0,1,140,500,0,5,0,0
42,3,5,10,0,0,0,150,200,0,0,1,2
35,4,0,0,0,0,1,140,100,1,5,1,3.333333333
115,4,30,90,0,0,2,130,300,0,0,1,.666666667
130,4,20,30,0,0,1,150,200,0,0,1,.666666667
28,4,10,50,10,0,0,60,1000,1,2,1,.125
120,3,20,10,0,5,1,200,50,1,1,1,2.17
121,4,0,0,0,0,2,200,300,0,0,1,1.333333333
85,3,5,40,30,0,0,50,1500,0,0,1,1
21,3,0,20,0,0,0,150,500,1,5,1,.333333333
15,3,0,0,70,0,0,10,1500,1,5,1,.333333333
62,3,0,50,0,0,1,150,1000,0,0,1,.5
87,3,10,80,25,0,0,70,700,0,1,1,1.25
35,4,5,80,0,0,0,170,1500,1,80,0,0
123,3,0,1,0,20,0,200,200,0,0,0,0
42,4,1,5,0,0,1,200,400,1,1,0,0
56,4,20,90,0,0,1,150,1500,0,0,0,0
23,2,0,0,0,0,1,190,800,0,0,0,0
72,3,5,60,5,0,0,90,1500,1,10,1,.888888889
8,3,0,0,0,0,0,200,1500,2,5,0,0
30,4,0,0,20,0,1,60,100,0,0,0,0
27,2,0,0,10,10,0,50,50,0,1,0,0
20,2,0,0,20,10,0,40,100,0,10,0,0
11,3,0,0,90,0,0,10,400,0,0,0,0
